exercise_id,discrimination,k1,k2,k3,k4,k5,k6,k7,k8,k9
1,[6.510629653930664],0.37605729699134827,0.5117374658584595,0.4805855453014374,0.5211116671562195,0.4215061068534851,0.39563268423080444,0.5101719498634338,0.43200236558914185,0.6094951033592224
2,[5.924069404602051],0.5756932497024536,0.6144963502883911,0.49847277998924255,0.48960521817207336,0.5355684161186218,0.5228646993637085,0.5233795642852783,0.44040647149086,0.40214407444000244
3,[5.509883880615234],0.47196799516677856,0.6268300414085388,0.4944089949131012,0.46507003903388977,0.5029242038726807,0.5888935327529907,0.455026775598526,0.37885811924934387,0.5006780624389648
4,[6.953891754150391],0.42009657621383667,0.36999258399009705,0.41555678844451904,0.46660956740379333,0.4223427176475525,0.4529429078102112,0.4007018506526947,0.5056896805763245,0.5312492847442627
5,[5.514381408691406],0.5618407130241394,0.42575278878211975,0.5604317784309387,0.5472387075424194,0.4005209505558014,0.43505606055259705,0.46212562918663025,0.40086328983306885,0.5430538654327393
6,[5.444047927856445],0.4543083906173706,0.5308710932731628,0.44111374020576477,0.5910584330558777,0.5037745833396912,0.4462242126464844,0.5019299983978271,0.5259620547294617,0.5854257941246033
7,[5.6850666999816895],0.3617514967918396,0.5154284834861755,0.4353497326374054,0.4772643446922302,0.4154192805290222,0.4224362373352051,0.41802549362182617,0.4739755690097809,0.5367392897605896
8,[5.713222503662109],0.6122483611106873,0.560295581817627,0.5458019375801086,0.5350051522254944,0.5119104981422424,0.5832653045654297,0.40484169125556946,0.5236059427261353,0.6061363220214844
9,[5.692207336425781],0.5808169841766357,0.4806782901287079,0.42599186301231384,0.492207407951355,0.4242575168609619,0.45656338334083557,0.44767454266548157,0.5717511177062988,0.4921548366546631
10,[6.913018703460693],0.41829079389572144,0.48339128494262695,0.5120280385017395,0.3115878701210022,0.48525023460388184,0.49034520983695984,0.4871819019317627,0.5785874128341675,0.468429833650589
11,[5.605278015136719],0.3367202579975128,0.5087181925773621,0.46749812364578247,0.5104036331176758,0.43369102478027344,0.5319544076919556,0.549462616443634,0.451104998588562,0.5037719011306763
12,[6.173878192901611],0.5290546417236328,0.39126646518707275,0.4381696879863739,0.5663748383522034,0.3861081004142761,0.43001681566238403,0.5140072703361511,0.5376477241516113,0.5058850646018982
13,[6.340350151062012],0.38174304366111755,0.36714568734169006,0.5081076622009277,0.339131623506546,0.48623859882354736,0.49717918038368225,0.5955561399459839,0.39940905570983887,0.5319699048995972
14,[6.2719316482543945],0.4897248148918152,0.5161834359169006,0.5055037140846252,0.39194920659065247,0.4588145911693573,0.4200999438762665,0.5047244429588318,0.5333399772644043,0.6677333116531372
15,[6.195779800415039],0.5109302401542664,0.5524966716766357,0.44519105553627014,0.4397832155227661,0.6110571622848511,0.5579153895378113,0.5166388750076294,0.5329461693763733,0.5632745027542114
16,[5.734759330749512],0.5033840537071228,0.4523302912712097,0.47479093074798584,0.4173647463321686,0.43196597695350647,0.46298936009407043,0.5596179962158203,0.4832723140716553,0.5026419758796692
17,[6.3549275398254395],0.34277865290641785,0.4676561951637268,0.5734728574752808,0.5719419717788696,0.4469119608402252,0.43733590841293335,0.6123836636543274,0.4206233024597168,0.40554070472717285
18,[5.264448642730713],0.3945683240890503,0.5305945873260498,0.36018136143684387,0.5033805966377258,0.5866305232048035,0.4657715857028961,0.556716799736023,0.46372926235198975,0.45717036724090576
19,[6.545481204986572],0.5557607412338257,0.5611042380332947,0.5131303668022156,0.523391604423523,0.4451195001602173,0.472126305103302,0.44013506174087524,0.5623704195022583,0.40364667773246765
20,[5.597525596618652],0.5585352778434753,0.4015638530254364,0.46604326367378235,0.5778310298919678,0.3876080811023712,0.5143449306488037,0.5155423283576965,0.5227202773094177,0.49874934554100037
21,[6.692960262298584],0.2701657712459564,0.43917131423950195,0.4780723750591278,0.47550272941589355,0.48473647236824036,0.4250144064426422,0.34958162903785706,0.5148994326591492,0.44779908657073975
22,[5.438076019287109],0.4656515419483185,0.4246009290218353,0.5838193893432617,0.5893847346305847,0.5402031540870667,0.5856479406356812,0.3644934892654419,0.4319044053554535,0.44102442264556885
23,[3.8508617877960205],0.47942426800727844,0.5227037668228149,0.5485923290252686,0.4310055673122406,0.5733097195625305,0.5874077677726746,0.4154258966445923,0.5468806624412537,0.5752480030059814
24,[5.032286167144775],0.4880376160144806,0.5763655304908752,0.4919559061527252,0.536202073097229,0.46826469898223877,0.4991672933101654,0.5052134394645691,0.4438003599643707,0.5507919192314148
25,[5.1419782638549805],0.523270845413208,0.5025395154953003,0.493012398481369,0.5428914427757263,0.5037804841995239,0.5051918625831604,0.4496574401855469,0.47227829694747925,0.5872693061828613
26,[5.876066207885742],0.566316545009613,0.4971831440925598,0.40520063042640686,0.5174317359924316,0.4846372902393341,0.4690563678741455,0.5887221693992615,0.5699044466018677,0.6924240589141846
27,[6.653364181518555],0.5633599162101746,0.4888617694377899,0.5376734733581543,0.5356958508491516,0.6471213698387146,0.510489284992218,0.41997283697128296,0.5160674452781677,0.5278497338294983
28,[7.323965072631836],0.4581161141395569,0.7642788290977478,0.6485871076583862,0.7721147537231445,0.5314064025878906,0.6045951843261719,0.5598472356796265,0.5516281723976135,0.5062828660011292
29,[6.605808734893799],0.510403037071228,0.4454116225242615,0.5226897597312927,0.5640107989311218,0.6113815307617188,0.5835732221603394,0.48272958397865295,0.46270865201950073,0.6645651459693909
