student_id,k1,k2,k3,k4,k5,k6,k7,k8,k9
1,0.661939025,0.572117984,0.577447236,0.608392954,0.491009355,0.501012087,0.496867895,0.54410094,0.515810549
2,0.646667957,0.560852647,0.569327831,0.55694747,0.548913121,0.420280039,0.575027704,0.511176288,0.518388212
3,0.550081611,0.540052474,0.521604955,0.541973174,0.423122048,0.592092574,0.505683303,0.429783553,0.546289563
4,0.602643847,0.5768224,0.575543106,0.532766879,0.576744974,0.567883313,0.5146842,0.58329004,0.474478185
5,0.644823015,0.539560437,0.58360517,0.535909951,0.522586346,0.552883506,0.55041486,0.510185838,0.487336904
6,0.605629683,0.539064825,0.615323603,0.53959775,0.475123852,0.475233883,0.477279425,0.419210911,0.486799806
7,0.599840462,0.499668688,0.472987115,0.516462088,0.513619184,0.502929568,0.57012099,0.473085046,0.552162826
8,0.583926022,0.550293624,0.544659436,0.612617552,0.471626103,0.461821109,0.448174894,0.500947297,0.559702873
9,0.582933307,0.548383415,0.563538611,0.532497048,0.472519159,0.51792568,0.558899999,0.498453826,0.441994339
10,0.605131984,0.522853196,0.52215457,0.515668154,0.485027343,0.543836832,0.5359478,0.475069433,0.522974133
11,0.58811748,0.452494621,0.492077976,0.613454819,0.508243024,0.528638422,0.5662328,0.443143487,0.563296318
12,0.576627791,0.491326034,0.45803991,0.491899848,0.518951714,0.436286867,0.517975271,0.576707661,0.529114246
13,0.645287156,0.588580906,0.576380014,0.535071969,0.560426176,0.542939484,0.568580389,0.492977649,0.422879547
14,0.555206537,0.502441049,0.503165781,0.541530907,0.43827334,0.463564485,0.463250667,0.442109734,0.479945362
15,0.458287835,0.492262959,0.526472211,0.512490034,0.500788212,0.541855097,0.488041073,0.485293746,0.487438321
16,0.582103491,0.498087585,0.517878354,0.485663146,0.517035961,0.530841231,0.590673149,0.567034841,0.4170461
17,0.641072571,0.441110969,0.478470445,0.488693297,0.542551577,0.54001087,0.537328303,0.498797029,0.522300839
18,0.612950802,0.469379395,0.472140074,0.497999847,0.497601509,0.505751669,0.564304471,0.4739573,0.430465549
19,0.504520595,0.484941036,0.530517459,0.530462623,0.504862249,0.564471483,0.523516297,0.591985106,0.469139755
20,0.531795382,0.533875346,0.507650554,0.54590106,0.580044508,0.532327294,0.579733849,0.567453384,0.436775267
21,0.535165906,0.481767893,0.541353464,0.490789533,0.561069131,0.507621527,0.509398282,0.544253349,0.578513563
22,0.555849433,0.519870162,0.578634739,0.520247221,0.561711669,0.507459641,0.483813763,0.524725735,0.467368484
23,0.506661892,0.476782203,0.575005412,0.471639276,0.481673181,0.491519094,0.541826844,0.464804202,0.524280488
24,0.536099494,0.478856385,0.43898654,0.517365336,0.467403531,0.599357247,0.548800647,0.55636698,0.541489244
25,0.584499538,0.519440353,0.469882756,0.52395606,0.468911946,0.576271772,0.571210623,0.381323099,0.459353596
26,0.553514004,0.480722517,0.518987358,0.51202929,0.525820613,0.489759475,0.463594437,0.483616024,0.521138549
27,0.52610898,0.533726811,0.559111774,0.497594297,0.48160702,0.561810911,0.579370081,0.429336488,0.502725601
28,0.641281426,0.458227575,0.463089645,0.480644524,0.480029255,0.480615973,0.500054121,0.526542544,0.447407216
29,0.626781821,0.529794395,0.482609719,0.528640687,0.55558598,0.538041234,0.561398983,0.550006568,0.469027847
30,0.515542448,0.527249813,0.583445609,0.551126838,0.537111223,0.520826697,0.470433801,0.565892696,0.445651263
31,0.607125401,0.488947153,0.520596683,0.491021544,0.47058022,0.578553021,0.57673353,0.599709213,0.575554669
32,0.533791125,0.449480116,0.518544316,0.489424109,0.461919934,0.458565384,0.49405393,0.513119102,0.493725419
33,0.562561095,0.546538532,0.510384738,0.606880426,0.491025567,0.509291232,0.514831841,0.486341566,0.46178779
34,0.609502971,0.556708336,0.447254658,0.452261358,0.43744418,0.552672148,0.57468164,0.531808138,0.509342968
35,0.546317339,0.440689445,0.507790208,0.413963437,0.552122235,0.50078541,0.565174818,0.560522914,0.473118573
36,0.533141732,0.477027357,0.445059687,0.485512704,0.513683677,0.466064006,0.540844798,0.457900137,0.482347399
37,0.614673495,0.489046693,0.489393502,0.513663471,0.555253744,0.549931288,0.557559133,0.632287025,0.461200863
38,0.48397851,0.570264041,0.434901863,0.500077903,0.433586389,0.520932198,0.480344802,0.527414441,0.508588254
39,0.566419303,0.49970156,0.506586671,0.485494435,0.499136806,0.461827755,0.478213608,0.562146246,0.492005438
40,0.648201227,0.554977417,0.540106893,0.569019258,0.505402446,0.477861375,0.555056214,0.509523332,0.479370058
41,0.622248113,0.524365544,0.528363943,0.611757696,0.500667751,0.472441554,0.547542214,0.579453588,0.502022505
42,0.570268512,0.45080328,0.472072363,0.435355455,0.483267754,0.483269542,0.52366972,0.492139369,0.50118041
43,0.603036523,0.472814262,0.439191461,0.472122997,0.520038128,0.509078503,0.573512614,0.485065103,0.451628327
44,0.595385253,0.488752395,0.485767484,0.443948328,0.620499313,0.491389245,0.499510229,0.535920262,0.455858797
45,0.534660757,0.53105402,0.619875431,0.589906693,0.465739369,0.566614151,0.546082437,0.488165587,0.55336225
46,0.606626034,0.540582597,0.581008017,0.587315977,0.46390903,0.544437945,0.524347901,0.45510608,0.492814302
47,0.56943512,0.491062462,0.458128929,0.469686896,0.49869439,0.484949946,0.558384001,0.507372618,0.410537809
48,0.566016436,0.440255642,0.508119822,0.489335328,0.502091706,0.628953278,0.587024212,0.481441289,0.52561754
49,0.577423036,0.497787535,0.461807221,0.473191321,0.533228397,0.514092088,0.59142077,0.518229306,0.48350361
50,0.525874555,0.551751912,0.537847698,0.566441834,0.491007984,0.499539316,0.540553153,0.528746843,0.49578619
51,0.507842183,0.501932919,0.468900889,0.505839467,0.426991314,0.515027761,0.524378896,0.449531376,0.521438539
52,0.581486106,0.503746331,0.48212114,0.395724237,0.485595614,0.557743967,0.534384072,0.554252803,0.489386201
53,0.494325787,0.47702682,0.519418895,0.538138151,0.519018292,0.519158721,0.553511024,0.505153775,0.474619746
54,0.587670326,0.443508327,0.458937287,0.45091179,0.464561671,0.53091222,0.551531792,0.500510573,0.444379091
55,0.536059022,0.501704991,0.479415208,0.484015048,0.481501251,0.493883193,0.568184197,0.524302185,0.521997809
56,0.613263309,0.525696337,0.567647398,0.573412359,0.41370517,0.440084308,0.575174451,0.572676003,0.500437677
57,0.468841404,0.530747652,0.505917907,0.486900955,0.445068061,0.465312749,0.508669078,0.519657135,0.486807197
58,0.525865912,0.521000624,0.53609246,0.533151388,0.472427249,0.514279664,0.542867899,0.441124141,0.415264577
59,0.43363902,0.561452627,0.489542246,0.489497751,0.487942845,0.486036122,0.560465574,0.496816188,0.410129398
60,0.469620109,0.566952348,0.514210582,0.50993371,0.470702678,0.56210494,0.532768488,0.502134383,0.479281992
61,0.51573205,0.507177055,0.555902958,0.553231895,0.568635643,0.501914918,0.565502822,0.478080273,0.514470041
62,0.574615061,0.609675109,0.580251873,0.560189664,0.515827596,0.558662593,0.588532746,0.565567851,0.417357206
63,0.62460804,0.487968951,0.484799951,0.463392019,0.468184084,0.557705402,0.538695395,0.455658436,0.511614203
64,0.606813431,0.476328194,0.515307724,0.495037943,0.434215873,0.498436004,0.51376313,0.485035181,0.464857578
65,0.541203618,0.498732209,0.483888179,0.509447217,0.537599385,0.552501559,0.533736885,0.519701004,0.546189368
66,0.627003372,0.491890728,0.549314082,0.540231109,0.494881392,0.47505787,0.584089339,0.549004734,0.455096185
67,0.585590124,0.482016027,0.488075703,0.473112822,0.463998675,0.483398646,0.573246062,0.431945056,0.466626912
68,0.596151769,0.514834583,0.484469354,0.480925649,0.487641394,0.477613568,0.526743293,0.494065046,0.488380998
69,0.511959732,0.453471303,0.550686657,0.479395479,0.52220571,0.533156872,0.52136904,0.510144949,0.421776503
70,0.614967465,0.471689343,0.465046316,0.472815514,0.467701644,0.507444859,0.513201892,0.509726942,0.493149042
71,0.500713527,0.450703502,0.459638774,0.449716121,0.545066535,0.540481269,0.56612432,0.577970445,0.550736487
72,0.549539626,0.581563771,0.565296233,0.485185117,0.392533451,0.495031059,0.546778738,0.468566537,0.436152309
73,0.531376719,0.521253526,0.488543808,0.571175814,0.517694056,0.498096168,0.534245789,0.520751953,0.493485838
74,0.494393229,0.481879473,0.479100347,0.573034286,0.440470725,0.494397581,0.542618871,0.488026291,0.42431426
75,0.624436259,0.51832521,0.432335973,0.455099791,0.463038176,0.541805148,0.529470384,0.512658536,0.476912022
76,0.43531099,0.517347276,0.566276968,0.435736567,0.448050231,0.398200035,0.571341455,0.489059925,0.498855829
77,0.510962486,0.553146839,0.579840779,0.546959102,0.507754505,0.461795211,0.548909724,0.523174763,0.450450867
78,0.588775158,0.472840428,0.497032821,0.475053132,0.469033778,0.487623572,0.546351492,0.483965129,0.480123967
79,0.499744296,0.461974859,0.436554432,0.465708554,0.519579649,0.487632543,0.525103331,0.512352526,0.490659893
80,0.498198837,0.488424569,0.487607479,0.51311022,0.511398971,0.517138302,0.544197738,0.477609873,0.489059448
81,0.569671273,0.460270584,0.519771039,0.509280562,0.480240673,0.512491226,0.62381041,0.51696521,0.575572193
82,0.467158437,0.525654376,0.447272211,0.547389388,0.503461242,0.481560677,0.5923962,0.48934257,0.472397983
83,0.594401181,0.479952842,0.498193324,0.482032925,0.527028441,0.534287035,0.537517488,0.53769958,0.420699894
84,0.582116365,0.43544212,0.497412384,0.49386093,0.462052792,0.477815866,0.575544,0.437586606,0.468685329
85,0.625208855,0.486010432,0.504282057,0.47618261,0.476066828,0.505335748,0.578579068,0.563707948,0.482618243
86,0.529380262,0.502340972,0.475814611,0.496259987,0.474080175,0.46582073,0.481889665,0.50764817,0.505192757
87,0.519458413,0.53492105,0.511900604,0.482264221,0.481275886,0.488747776,0.486152947,0.528949559,0.505806148
88,0.442689151,0.537023723,0.477709204,0.571273744,0.427878946,0.411754727,0.53914398,0.467303395,0.494635463
89,0.516730964,0.503985286,0.442198128,0.467575848,0.444808215,0.504573941,0.511957467,0.476899832,0.473580867
90,0.545950711,0.509525895,0.444406033,0.510299385,0.550624371,0.492010504,0.473145366,0.458115608,0.436676413
91,0.445847094,0.42526421,0.441143572,0.488654584,0.488110542,0.489664435,0.557604194,0.488707066,0.422279686
92,0.517497182,0.451992035,0.474452138,0.459212035,0.471905529,0.508300245,0.495873153,0.468485683,0.523669004
93,0.473209947,0.521089971,0.518986344,0.502597332,0.493029833,0.567575395,0.481636614,0.48871243,0.533749223
94,0.441759586,0.473395616,0.479094207,0.502772629,0.464244515,0.451628685,0.531734109,0.499801606,0.431836069
95,0.626497567,0.515809715,0.461250007,0.474521548,0.440859467,0.513651848,0.501868188,0.507466078,0.481169015
96,0.622724116,0.442467839,0.48686111,0.482210547,0.489838392,0.463890076,0.49544248,0.446489692,0.43013075
97,0.455664784,0.446065217,0.494625032,0.499027371,0.480620176,0.481303513,0.488518268,0.479030579,0.470146716
98,0.501592636,0.508332729,0.576469064,0.592062652,0.503951788,0.465349615,0.55136764,0.499373317,0.450290531
99,0.623661816,0.502286077,0.502615929,0.476856828,0.434430331,0.478199422,0.58612442,0.504270315,0.476429671
100,0.482606143,0.417421281,0.471333385,0.59882468,0.45510006,0.459170699,0.452526271,0.537724316,0.491962165
101,0.50979507,0.497824997,0.440248877,0.479874104,0.564639986,0.516630411,0.448647201,0.57387042,0.434677482
102,0.546602488,0.481222212,0.461771995,0.465403527,0.503673911,0.469071895,0.452917635,0.450639278,0.495817184
103,0.464789689,0.497947574,0.49082312,0.494516373,0.461162567,0.449469537,0.522604764,0.506869256,0.474173963
104,0.568518519,0.492810518,0.438007057,0.523498118,0.504054606,0.460372537,0.550980091,0.481858045,0.485446781
105,0.515224993,0.527184963,0.583731294,0.517969072,0.403816164,0.569102407,0.505734801,0.518566012,0.444871813
106,0.44751659,0.477189302,0.477442265,0.500173926,0.449216694,0.506692648,0.573078692,0.488905758,0.471640736
107,0.486023486,0.543484807,0.465832859,0.497985989,0.536316991,0.481417984,0.558314383,0.519563854,0.510088503
108,0.494244069,0.447655857,0.513337314,0.503248572,0.500287473,0.485000759,0.551147759,0.529960275,0.420357615
109,0.548462093,0.516917586,0.580335319,0.546831608,0.546064496,0.500273287,0.489336878,0.516875088,0.461151719
110,0.488646597,0.469561011,0.460970372,0.4680776,0.525753617,0.558309853,0.441370398,0.518568873,0.478465259
111,0.523902416,0.489232987,0.508199513,0.459173232,0.503126323,0.534148872,0.440388083,0.446963161,0.484723538
112,0.478138983,0.465500742,0.586241126,0.603422225,0.393530667,0.492511302,0.461972207,0.491098911,0.455445677
113,0.588471413,0.525255919,0.452312082,0.495102793,0.496690631,0.522631049,0.545012176,0.475492597,0.455139667
114,0.541212022,0.488530338,0.511994421,0.488101661,0.490380675,0.484680861,0.561879218,0.503908455,0.469007224
115,0.492258132,0.588659525,0.466552794,0.485025764,0.570532441,0.461048454,0.526174486,0.441904694,0.374647319
116,0.496976644,0.455056399,0.502871335,0.566372037,0.467027158,0.506779075,0.538883448,0.45169732,0.524841964
117,0.499585032,0.512247562,0.518812537,0.529615402,0.560140431,0.494908512,0.47839126,0.54738301,0.501372874
118,0.525528133,0.510275841,0.448204398,0.450623125,0.480377585,0.44527033,0.565547764,0.487396479,0.43123433
119,0.486268103,0.43927592,0.48205483,0.493669152,0.461494118,0.448676109,0.417841941,0.51592797,0.501067102
120,0.429231912,0.477216989,0.550789297,0.547820866,0.490910858,0.511984348,0.563483536,0.509980679,0.49348253
